[
    {
        "ascension_number": "1",
        "count": "5",
        "material_id": "saber_piece",
        "servant_id": "91"
    },
    {
        "ascension_number": "2",
        "count": "12",
        "material_id": "saber_piece",
        "servant_id": "91"
    },
    {
        "ascension_number": "2",
        "count": "5",
        "material_id": "voids_dust",
        "servant_id": "91"
    },
    {
        "ascension_number": "3",
        "count": "5",
        "material_id": "saber_monument",
        "servant_id": "91"
    },
    {
        "ascension_number": "3",
        "count": "8",
        "material_id": "phoenix_feather",
        "servant_id": "91"
    },
    {
        "ascension_number": "3",
        "count": "3",
        "material_id": "claw_of_chaos",
        "servant_id": "91"
    },
    {
        "ascension_number": "4",
        "count": "12",
        "material_id": "saber_monument",
        "servant_id": "91"
    },
    {
        "ascension_number": "4",
        "count": "6",
        "material_id": "claw_of_chaos",
        "servant_id": "91"
    },
    {
        "ascension_number": "4",
        "count": "5",
        "material_id": "heart_of_the_foreign_god",
        "servant_id": "91"
    },
    {
        "ascension_number": "1",
        "count": "5",
        "material_id": "lancer_piece",
        "servant_id": "70"
    },
    {
        "ascension_number": "2",
        "count": "12",
        "material_id": "lancer_piece",
        "servant_id": "70"
    },
    {
        "ascension_number": "2",
        "count": "22",
        "material_id": "evil_bone",
        "servant_id": "70"
    },
    {
        "ascension_number": "3",
        "count": "5",
        "material_id": "lancer_monument",
        "servant_id": "70"
    },
    {
        "ascension_number": "3",
        "count": "20",
        "material_id": "voids_dust",
        "servant_id": "70"
    },
    {
        "ascension_number": "3",
        "count": "3",
        "material_id": "claw_of_chaos",
        "servant_id": "70"
    },
    {
        "ascension_number": "4",
        "count": "12",
        "material_id": "lancer_monument",
        "servant_id": "70"
    },
    {
        "ascension_number": "4",
        "count": "6",
        "material_id": "claw_of_chaos",
        "servant_id": "70"
    },
    {
        "ascension_number": "4",
        "count": "5",
        "material_id": "heart_of_the_foreign_god",
        "servant_id": "70"
    }
]
