[
    {
        "level": "1",
        "total_exp": "0"
    },
    {
        "level": "2",
        "total_exp": "100"
    },
    {
        "level": "3",
        "total_exp": "400"
    },
    {
        "level": "4",
        "total_exp": "1000"
    },
    {
        "level": "5",
        "total_exp": "2000"
    },
    {
        "level": "6",
        "total_exp": "3500"
    },
    {
        "level": "7",
        "total_exp": "5600"
    },
    {
        "level": "8",
        "total_exp": "8400"
    },
    {
        "level": "9",
        "total_exp": "12000"
    },
    {
        "level": "10",
        "total_exp": "16500"
    },
    {
        "level": "11",
        "total_exp": "22000"
    },
    {
        "level": "12",
        "total_exp": "28600"
    },
    {
        "level": "13",
        "total_exp": "36400"
    },
    {
        "level": "14",
        "total_exp": "45500"
    },
    {
        "level": "15",
        "total_exp": "56000"
    },
    {
        "level": "16",
        "total_exp": "68000"
    },
    {
        "level": "17",
        "total_exp": "81600"
    },
    {
        "level": "18",
        "total_exp": "96900"
    },
    {
        "level": "19",
        "total_exp": "114000"
    },
    {
        "level": "20",
        "total_exp": "133000"
    },
    {
        "level": "21",
        "total_exp": "154000"
    },
    {
        "level": "22",
        "total_exp": "177100"
    },
    {
        "level": "23",
        "total_exp": "202400"
    },
    {
        "level": "24",
        "total_exp": "230000"
    },
    {
        "level": "25",
        "total_exp": "260000"
    },
    {
        "level": "26",
        "total_exp": "292500"
    },
    {
        "level": "27",
        "total_exp": "327600"
    },
    {
        "level": "28",
        "total_exp": "365400"
    },
    {
        "level": "29",
        "total_exp": "406000"
    },
    {
        "level": "30",
        "total_exp": "449500"
    },
    {
        "level": "31",
        "total_exp": "496000"
    },
    {
        "level": "32",
        "total_exp": "545600"
    },
    {
        "level": "33",
        "total_exp": "598400"
    },
    {
        "level": "34",
        "total_exp": "654500"
    },
    {
        "level": "35",
        "total_exp": "714000"
    },
    {
        "level": "36",
        "total_exp": "777000"
    },
    {
        "level": "37",
        "total_exp": "843600"
    },
    {
        "level": "38",
        "total_exp": "913900"
    },
    {
        "level": "39",
        "total_exp": "988000"
    },
    {
        "level": "40",
        "total_exp": "1066000"
    },
    {
        "level": "41",
        "total_exp": "1148000"
    },
    {
        "level": "42",
        "total_exp": "1234100"
    },
    {
        "level": "43",
        "total_exp": "1324400"
    },
    {
        "level": "44",
        "total_exp": "1419000"
    },
    {
        "level": "45",
        "total_exp": "1518000"
    },
    {
        "level": "46",
        "total_exp": "1621500"
    },
    {
        "level": "47",
        "total_exp": "1729600"
    },
    {
        "level": "48",
        "total_exp": "1842400"
    },
    {
        "level": "49",
        "total_exp": "1960000"
    },
    {
        "level": "50",
        "total_exp": "2082500"
    },
    {
        "level": "51",
        "total_exp": "2210000"
    },
    {
        "level": "52",
        "total_exp": "2342600"
    },
    {
        "level": "53",
        "total_exp": "2480400"
    },
    {
        "level": "54",
        "total_exp": "2623500"
    },
    {
        "level": "55",
        "total_exp": "2772000"
    },
    {
        "level": "56",
        "total_exp": "2926000"
    },
    {
        "level": "57",
        "total_exp": "3085600"
    },
    {
        "level": "58",
        "total_exp": "3250900"
    },
    {
        "level": "59",
        "total_exp": "3422000"
    },
    {
        "level": "60",
        "total_exp": "3599000"
    },
    {
        "level": "61",
        "total_exp": "3782000"
    },
    {
        "level": "62",
        "total_exp": "3871100"
    },
    {
        "level": "63",
        "total_exp": "4166400"
    },
    {
        "level": "64",
        "total_exp": "4368000"
    },
    {
        "level": "65",
        "total_exp": "4576000"
    },
    {
        "level": "66",
        "total_exp": "4790500"
    },
    {
        "level": "67",
        "total_exp": "5011600"
    },
    {
        "level": "68",
        "total_exp": "5239400"
    },
    {
        "level": "69",
        "total_exp": "5474000"
    },
    {
        "level": "70",
        "total_exp": "5715500"
    },
    {
        "level": "71",
        "total_exp": "5964000"
    },
    {
        "level": "72",
        "total_exp": "6219600"
    },
    {
        "level": "73",
        "total_exp": "6482400"
    },
    {
        "level": "74",
        "total_exp": "6752500"
    },
    {
        "level": "75",
        "total_exp": "7030000"
    },
    {
        "level": "76",
        "total_exp": "7315000"
    },
    {
        "level": "77",
        "total_exp": "7607600"
    },
    {
        "level": "78",
        "total_exp": "7907900"
    },
    {
        "level": "79",
        "total_exp": "8216000"
    },
    {
        "level": "80",
        "total_exp": "8532000"
    },
    {
        "level": "81",
        "total_exp": "8856000"
    },
    {
        "level": "82",
        "total_exp": "9188100"
    },
    {
        "level": "83",
        "total_exp": "9528400"
    },
    {
        "level": "84",
        "total_exp": "9877000"
    },
    {
        "level": "85",
        "total_exp": "10234000"
    },
    {
        "level": "86",
        "total_exp": "10599500"
    },
    {
        "level": "87",
        "total_exp": "10973600"
    },
    {
        "level": "88",
        "total_exp": "11356400"
    },
    {
        "level": "89",
        "total_exp": "11748000"
    },
    {
        "level": "90",
        "total_exp": "12148500"
    },
    {
        "level": "91",
        "total_exp": "12567000"
    },
    {
        "level": "92",
        "total_exp": "13021900"
    },
    {
        "level": "93",
        "total_exp": "13531900"
    },
    {
        "level": "94",
        "total_exp": "14116400"
    },
    {
        "level": "95",
        "total_exp": "14794900"
    },
    {
        "level": "96",
        "total_exp": "15587400"
    },
    {
        "level": "97",
        "total_exp": "16514300"
    },
    {
        "level": "98",
        "total_exp": "17596400"
    },
    {
        "level": "99",
        "total_exp": "18854900"
    },
    {
        "level": "100",
        "total_exp": "20311400"
    }
]
