[
    {
        "name": "shielder"
    },
    {
        "name": "saber"
    },
    {
        "name": "lancer"
    },
    {
        "name": "archer"
    },
    {
        "name": "rider"
    },
    {
        "name": "caster"
    },
    {
        "name": "assassin"
    },
    {
        "name": "berserker"
    },
    {
        "name": "ruler"
    },
    {
        "name": "avenger"
    },
    {
        "name": "alter_ego"
    },
    {
        "name": "moon_cancer"
    },
    {
        "name": "foreigner"
    },
    {
        "name": "beast"
    }
]
