[
    {
        "base_attack": "1734",
        "base_hp": "2222",
        "class": "saber",
        "cost": "16",
        "growth_curve": "linear",
        "id": "2",
        "max_attack": "11221",
        "max_hp": "15150",
        "name": "Altria Pendragon",
        "rarity": "5"
    },
    {
        "base_attack": "1708",
        "base_hp": "1854",
        "class": "saber",
        "cost": "12",
        "growth_curve": "s",
        "id": "3",
        "max_attack": "10248",
        "max_hp": "11589",
        "name": "Altria Pendragon (Alter)",
        "rarity": "4"
    },
    {
        "base_attack": "1574",
        "base_hp": "1880",
        "class": "saber",
        "cost": "12",
        "growth_curve": "reverse_s",
        "id": "5",
        "max_attack": "9449",
        "max_hp": "11753",
        "name": "Nero Claudius",
        "rarity": "4"
    },
    {
        "base_attack": "1363",
        "base_hp": "2266",
        "class": "saber",
        "cost": "12",
        "growth_curve": "s",
        "id": "6",
        "max_attack": "8181",
        "max_hp": "14165",
        "name": "Siegfried",
        "rarity": "4"
    },
    {
        "base_attack": "1907",
        "base_hp": "2039",
        "class": "saber",
        "cost": "16",
        "growth_curve": "linear",
        "id": "8",
        "max_attack": "12343",
        "max_hp": "13907",
        "name": "Altera",
        "rarity": "5"
    },
    {
        "base_attack": "1566",
        "base_hp": "1843",
        "class": "archer",
        "cost": "12",
        "growth_curve": "s",
        "id": "11",
        "max_attack": "9398",
        "max_hp": "11521",
        "name": "EMIYA",
        "rarity": "4"
    },
    {
        "base_attack": "1897",
        "base_hp": "1920",
        "class": "archer",
        "cost": "16",
        "growth_curve": "reverse_s",
        "id": "12",
        "max_attack": "12280",
        "max_hp": "13097",
        "name": "Gilgamesh",
        "rarity": "5"
    },
    {
        "base_attack": "1438",
        "base_hp": "1996",
        "class": "archer",
        "cost": "12",
        "growth_curve": "reverse_s",
        "id": "14",
        "max_attack": "8633",
        "max_hp": "12476",
        "name": "Atalante",
        "rarity": "4"
    },
    {
        "base_attack": "1520",
        "base_hp": "1899",
        "class": "lancer",
        "cost": "12",
        "growth_curve": "linear",
        "id": "18",
        "max_attack": "9122",
        "max_hp": "11870",
        "name": "Elisabeth Bathory",
        "rarity": "4"
    },
    {
        "base_attack": "1637",
        "base_hp": "2091",
        "class": "caster",
        "cost": "16",
        "growth_curve": "s",
        "id": "37",
        "max_attack": "10598",
        "max_hp": "14259",
        "name": "Zhuge Liang (El-Melloi II)",
        "rarity": "5"
    },
    {
        "base_attack": "1775",
        "base_hp": "1652",
        "class": "berserker",
        "cost": "12",
        "growth_curve": "reverse_s",
        "id": "47",
        "max_attack": "10655",
        "max_hp": "10327",
        "name": "Heracles",
        "rarity": "4"
    },
    {
        "base_attack": "1746",
        "base_hp": "1652",
        "class": "berserker",
        "cost": "12",
        "growth_curve": "s",
        "id": "48",
        "max_attack": "10477",
        "max_hp": "10327",
        "name": "Lancelot",
        "rarity": "4"
    },
    {
        "base_attack": "1964",
        "base_hp": "1782",
        "class": "berserker",
        "cost": "16",
        "growth_curve": "reverse_s",
        "id": "51",
        "max_attack": "12712",
        "max_hp": "12150",
        "name": "Sakata Kintoki",
        "rarity": "5"
    },
    {
        "base_attack": "1777",
        "base_hp": "2019",
        "class": "berserker",
        "cost": "16",
        "growth_curve": "s",
        "id": "52",
        "max_attack": "11499",
        "max_hp": "13770",
        "name": "Vlad III",
        "rarity": "5"
    },
    {
        "base_attack": "1504",
        "base_hp": "1833",
        "class": "berserker",
        "cost": "12",
        "growth_curve": "reverse_s",
        "id": "58",
        "max_attack": "9026",
        "max_hp": "11458",
        "name": "Tamamo Cat",
        "rarity": "4"
    },
    {
        "base_attack": "1482",
        "base_hp": "2420",
        "class": "ruler",
        "cost": "16",
        "growth_curve": "reverse_s",
        "id": "59",
        "max_attack": "9593",
        "max_hp": "16500",
        "name": "Jeanne dArc",
        "rarity": "5"
    },
    {
        "base_attack": "1716",
        "base_hp": "2134",
        "class": "archer",
        "cost": "16",
        "growth_curve": "semi_reverse_s",
        "id": "60",
        "max_attack": "11107",
        "max_hp": "14553",
        "name": "Orion",
        "rarity": "5"
    },
    {
        "base_attack": "1436",
        "base_hp": "1824",
        "class": "caster",
        "cost": "12",
        "growth_curve": "semi_reverse_s",
        "id": "61",
        "max_attack": "8616",
        "max_hp": "11404",
        "name": "Elisabeth Bathory (Halloween)",
        "rarity": "4"
    },
    {
        "base_attack": "1629",
        "base_hp": "2091",
        "class": "caster",
        "cost": "16",
        "growth_curve": "linear",
        "id": "62",
        "max_attack": "10546",
        "max_hp": "14259",
        "name": "Tamamo no Mae",
        "rarity": "5"
    },
    {
        "base_attack": "1750",
        "base_hp": "1881",
        "class": "rider",
        "cost": "16",
        "growth_curve": "reverse_s",
        "id": "65",
        "max_attack": "11326",
        "max_hp": "12830",
        "name": "Francis Drake",
        "rarity": "5"
    },
    {
        "base_attack": "1294",
        "base_hp": "2091",
        "class": "caster",
        "cost": "12",
        "growth_curve": "reverse_s",
        "id": "67",
        "max_attack": "7766",
        "max_hp": "13070",
        "name": "Medea (Lily)",
        "rarity": "4"
    },
    {
        "base_attack": "1865",
        "base_hp": "1939",
        "class": "saber",
        "cost": "16",
        "growth_curve": "reverse_s",
        "id": "68",
        "max_attack": "12068",
        "max_hp": "13225",
        "name": "Okita Souji",
        "rarity": "5"
    },
    {
        "base_attack": "1862",
        "base_hp": "1582",
        "class": "archer",
        "cost": "12",
        "growth_curve": "linear",
        "id": "69",
        "max_attack": "9494",
        "max_hp": "11637",
        "name": "Oda Nobunaga",
        "rarity": "4"
    },
    {
        "base_attack": "1758",
        "base_hp": "2174",
        "class": "lancer",
        "cost": "16",
        "growth_curve": "linear",
        "id": "70",
        "max_attack": "11375",
        "max_hp": "14825",
        "name": "Scathach",
        "rarity": "5"
    },
    {
        "base_attack": "1543",
        "base_hp": "1805",
        "class": "rider",
        "cost": "12",
        "growth_curve": "semi_s",
        "id": "73",
        "max_attack": "9258",
        "max_hp": "11286",
        "name": "Altria Pendragon (Santa Alter)",
        "rarity": "4"
    },
    {
        "base_attack": "1438",
        "base_hp": "1901",
        "class": "caster",
        "cost": "12",
        "growth_curve": "linear",
        "id": "74",
        "max_attack": "8629",
        "max_hp": "11882",
        "name": "Nursery Rhyme",
        "rarity": "4"
    },
    {
        "base_attack": "1786",
        "base_hp": "1862",
        "class": "assassin",
        "cost": "16",
        "growth_curve": "semi_reverse_s",
        "id": "75",
        "max_attack": "11557",
        "max_hp": "12696",
        "name": "Jack the Ripper",
        "rarity": "5"
    },
    {
        "base_attack": "1811",
        "base_hp": "2153",
        "class": "saber",
        "cost": "16",
        "growth_curve": "semi_reverse_s",
        "id": "76",
        "max_attack": "11723",
        "max_hp": "14680",
        "name": "Mordred",
        "rarity": "5"
    },
    {
        "base_attack": "1820",
        "base_hp": "2027",
        "class": "archer",
        "cost": "16",
        "growth_curve": "reverse_s",
        "id": "77",
        "max_attack": "11781",
        "max_hp": "13825",
        "name": "Nikola Tesla",
        "rarity": "5"
    },
    {
        "base_attack": "1661",
        "base_hp": "1881",
        "class": "lancer",
        "cost": "12",
        "growth_curve": "semi_s",
        "id": "78",
        "max_attack": "9968",
        "max_hp": "11761",
        "name": "Altria Pendragon (Lancer Alter)",
        "rarity": "4"
    },
    {
        "base_attack": "1573",
        "base_hp": "1710",
        "class": "berserker",
        "cost": "12",
        "growth_curve": "semi_reverse_s",
        "id": "82",
        "max_attack": "9441",
        "max_hp": "10687",
        "name": "Frankenstein",
        "rarity": "4"
    },
    {
        "base_attack": "1850",
        "base_hp": "1999",
        "class": "lancer",
        "cost": "16",
        "growth_curve": "reverse_s",
        "id": "85",
        "max_attack": "11976",
        "max_hp": "13632",
        "name": "Karna",
        "rarity": "5"
    },
    {
        "base_attack": "1817",
        "base_hp": "1862",
        "class": "assassin",
        "cost": "16",
        "growth_curve": "linear",
        "id": "86",
        "max_attack": "11761",
        "max_hp": "12696",
        "name": "Mysterious Heroine X",
        "rarity": "5"
    },
    {
        "base_attack": "1766",
        "base_hp": "2174",
        "class": "lancer",
        "cost": "16",
        "growth_curve": "semi_reverse_s",
        "id": "88",
        "max_attack": "11432",
        "max_hp": "14825",
        "name": "Brynhild",
        "rarity": "5"
    },
    {
        "base_attack": "1656",
        "base_hp": "2266",
        "class": "saber",
        "cost": "16",
        "growth_curve": "s",
        "id": "91",
        "max_attack": "10721",
        "max_hp": "15453",
        "name": "Ryougi Shiki",
        "rarity": "5"
    }
]
