[
    {
        "base_attack": "1708",
        "base_hp": "1854",
        "class": "saber",
        "cost": "12",
        "growth_curve": "s",
        "id": "3",
        "max_attack": "10248",
        "max_hp": "11589",
        "name": "Saber Alter",
        "rarity": "4"
    },
    {
        "base_attack": "1758",
        "base_hp": "2174",
        "class": "lancer",
        "cost": "16",
        "growth_curve": "linear",
        "id": "70",
        "max_attack": "11375",
        "max_hp": "14825",
        "name": "Scáthach",
        "rarity": "5"
    },
    {
        "base_attack": "1817",
        "base_hp": "1862",
        "class": "assassin",
        "cost": "16",
        "growth_curve": "linear",
        "id": "86",
        "max_attack": "11761",
        "max_hp": "12696",
        "name": "Mysterious Heroine X",
        "rarity": "5"
    },
    {
        "base_attack": "1656",
        "base_hp": "2266",
        "class": "saber",
        "cost": "16",
        "growth_curve": "s",
        "id": "91",
        "max_attack": "10721",
        "max_hp": "15453",
        "name": "Ryougi Shiki",
        "rarity": "5"
    }
]
