1,2,1,0
1,3,1,0
1,4,1,0
1,5,1,0
1,6,1,0
1,7,1,0
1,8,1,0
1,9,1,0
1,10,1,0
1,2,2,0
1,3,2,0
1,4,2,0
1,5,2,0
1,6,2,0
1,7,2,0
1,8,2,0
1,9,2,0
1,10,2,0
1,2,3,0
1,3,3,0
1,4,3,0
1,5,3,0
1,6,3,0
1,7,3,0
1,8,3,0
1,9,3,0
1,10,3,0
1,2,4,0
1,3,4,0
1,4,4,0
1,5,4,0
1,6,4,0
1,7,4,0
1,8,4,0
1,9,4,0
1,10,4,0
1,2,5,0
1,3,5,0
1,4,5,0
1,5,5,0
1,6,5,0
1,7,5,0
1,8,5,0
1,9,5,0
1,10,5,0
1,2,6,0
1,3,6,0
1,4,6,0
1,5,6,0
1,6,6,0
1,7,6,0
1,8,6,0
1,9,6,0
1,10,6,0
1,2,7,0
1,3,7,0
1,4,7,0
1,5,7,0
1,6,7,0
1,7,7,0
1,8,7,0
1,9,7,0
1,10,7,0
1,2,8,0
1,3,8,0
1,4,8,0
1,5,8,0
1,6,8,0
1,7,8,0
1,8,8,0
1,9,8,0
1,10,8,0
1,2,9,0
1,3,9,0
1,4,9,0
1,5,9,0
1,6,9,0
1,7,9,0
1,8,9,0
1,9,9,0
1,10,9,0
1,2,10,0
1,3,10,0
1,4,10,0
1,5,10,0
1,6,10,0
1,7,10,0
1,8,10,0
1,9,10,0
1,10,10,0
1,2,11,0
1,3,11,0
1,4,11,0
1,5,11,0
1,6,11,0
1,7,11,0
1,8,11,0
1,9,11,0
1,10,11,0
1,2,12,0
1,3,12,0
1,4,12,0
1,5,12,0
1,6,12,0
1,7,12,0
1,8,12,0
1,9,12,0
1,10,12,0
1,2,13,0
1,3,13,0
1,4,13,0
1,5,13,0
1,6,13,0
1,7,13,0
1,8,13,0
1,9,13,0
1,10,13,0
1,2,14,0
1,3,14,0
1,4,14,0
1,5,14,0
1,6,14,0
1,7,14,0
1,8,14,0
1,9,14,0
1,10,14,0
1,2,15,0
1,3,15,0
1,4,15,0
1,5,15,0
1,6,15,0
1,7,15,0
1,8,15,0
1,9,15,0
1,10,15,0
1,2,16,0
1,3,16,0
1,4,16,0
1,5,16,0
1,6,16,0
1,7,16,0
1,8,16,0
1,9,16,0
1,10,16,0
1,2,17,0
1,3,17,0
1,4,17,0
1,5,17,0
1,6,17,0
1,7,17,0
1,8,17,0
1,9,17,0
1,10,17,0
1,2,18,0
1,3,18,0
1,4,18,0
1,5,18,0
1,6,18,0
1,7,18,0
1,8,18,0
1,9,18,0
1,10,18,0
1,2,19,0
1,3,19,0
1,4,19,0
1,5,19,0
1,6,19,0
1,7,19,0
1,8,19,0
1,9,19,0
1,10,19,0
1,2,20,0
1,3,20,0
1,4,20,0
1,5,20,0
1,6,20,0
1,7,20,0
1,8,20,0
1,9,20,0
1,10,20,0
1,2,21,0
1,3,21,0
1,4,21,0
1,5,21,0
1,6,21,0
1,7,21,0
1,8,21,0
1,9,21,0
1,10,21,0
1,2,22,0
1,3,22,0
1,4,22,0
1,5,22,0
1,6,22,0
1,7,22,0
1,8,22,0
1,9,22,0
1,10,22,0
1,2,23,0
1,3,23,0
1,4,23,0
1,5,23,0
1,6,23,0
1,7,23,0
1,8,23,0
1,9,23,0
1,10,23,0
1,2,24,0
1,3,24,0
1,4,24,0
1,5,24,0
1,6,24,0
1,7,24,0
1,8,24,0
1,9,24,0
1,10,24,0
1,2,25,0
1,3,25,0
1,4,25,0
1,5,25,0
1,6,25,0
1,7,25,0
1,8,25,0
1,9,25,0
1,10,25,0
1,2,26,0
1,3,26,0
1,4,26,0
1,5,26,0
1,6,26,0
1,7,26,0
1,8,26,0
1,9,26,0
1,10,26,0
1,2,27,0
1,3,27,0
1,4,27,0
1,5,27,0
1,6,27,0
1,7,27,0
1,8,27,0
1,9,27,0
1,10,27,0
1,2,28,0
1,3,28,0
1,4,28,0
1,5,28,0
1,6,28,0
1,7,28,0
1,8,28,0
1,9,28,0
1,10,28,0
1,2,29,0
1,3,29,0
1,4,29,0
1,5,29,0
1,6,29,0
1,7,29,0
1,8,29,0
1,9,29,0
1,10,29,0
1,2,30,0
1,3,30,0
1,4,30,0
1,5,30,0
1,6,30,0
1,7,30,0
1,8,30,0
1,9,30,0
1,10,30,0
1,2,31,0
1,3,31,0
1,4,31,0
1,5,31,0
1,6,31,0
1,7,31,0
1,8,31,0
1,9,31,0
1,10,31,0
1,2,33,0
1,3,33,0
1,4,33,0
1,5,33,0
1,6,33,0
1,7,33,0
1,8,33,0
1,9,33,0
1,10,33,0
1,2,34,0
1,3,34,0
1,4,34,0
1,5,34,0
1,6,34,0
1,7,34,0
1,8,34,0
1,9,34,0
1,10,34,0
1,2,35,0
1,3,35,0
1,4,35,0
1,5,35,0
1,6,35,0
1,7,35,0
1,8,35,0
1,9,35,0
1,10,35,0
1,2,36,0
1,3,36,0
1,4,36,0
1,5,36,0
1,6,36,0
1,7,36,0
1,8,36,0
1,9,36,0
1,10,36,0
1,2,37,0
1,3,37,0
1,4,37,0
1,5,37,0
1,6,37,0
1,7,37,0
1,8,37,0
1,9,37,0
1,10,37,0
1,2,39,0
1,3,39,0
1,4,39,0
1,5,39,0
1,6,39,0
1,7,39,0
1,8,39,0
1,9,39,0
1,10,39,0
1,2,40,0
1,3,40,0
1,4,40,0
1,5,40,0
1,6,40,0
1,7,40,0
1,8,40,0
1,9,40,0
1,10,40,0
1,2,41,0
1,3,41,0
1,4,41,0
1,5,41,0
1,6,41,0
1,7,41,0
1,8,41,0
1,9,41,0
1,10,41,0
1,2,42,0
1,3,42,0
1,4,42,0
1,5,42,0
1,6,42,0
1,7,42,0
1,8,42,0
1,9,42,0
1,10,42,0
1,2,43,0
1,3,43,0
1,4,43,0
1,5,43,0
1,6,43,0
1,7,43,0
1,8,43,0
1,9,43,0
1,10,43,0
1,2,44,0
1,3,44,0
1,4,44,0
1,5,44,0
1,6,44,0
1,7,44,0
1,8,44,0
1,9,44,0
1,10,44,0
1,2,45,0
1,3,45,0
1,4,45,0
1,5,45,0
1,6,45,0
1,7,45,0
1,8,45,0
1,9,45,0
1,10,45,0
1,2,46,0
1,3,46,0
1,4,46,0
1,5,46,0
1,6,46,0
1,7,46,0
1,8,46,0
1,9,46,0
1,10,46,0
1,2,47,0
1,3,47,0
1,4,47,0
1,5,47,0
1,6,47,0
1,7,47,0
1,8,47,0
1,9,47,0
1,10,47,0
1,2,48,0
1,3,48,0
1,4,48,0
1,5,48,0
1,6,48,0
1,7,48,0
1,8,48,0
1,9,48,0
1,10,48,0
1,2,49,0
1,3,49,0
1,4,49,0
1,5,49,0
1,6,49,0
1,7,49,0
1,8,49,0
1,9,49,0
1,10,49,0
1,2,50,0
1,3,50,0
1,4,50,0
1,5,50,0
1,6,50,0
1,7,50,0
1,8,50,0
1,9,50,0
1,10,50,0
1,2,51,0
1,3,51,0
1,4,51,0
1,5,51,0
1,6,51,0
1,7,51,0
1,8,51,0
1,9,51,0
1,10,51,0
1,2,52,0
1,3,52,0
1,4,52,0
1,5,52,0
1,6,52,0
1,7,52,0
1,8,52,0
1,9,52,0
1,10,52,0
1,2,53,0
1,3,53,0
1,4,53,0
1,5,53,0
1,6,53,0
1,7,53,0
1,8,53,0
1,9,53,0
1,10,53,0
1,2,54,0
1,3,54,0
1,4,54,0
1,5,54,0
1,6,54,0
1,7,54,0
1,8,54,0
1,9,54,0
1,10,54,0
1,2,55,0
1,3,55,0
1,4,55,0
1,5,55,0
1,6,55,0
1,7,55,0
1,8,55,0
1,9,55,0
1,10,55,0
1,2,56,0
1,3,56,0
1,4,56,0
1,5,56,0
1,6,56,0
1,7,56,0
1,8,56,0
1,9,56,0
1,10,56,0
1,2,57,0
1,3,57,0
1,4,57,0
1,5,57,0
1,6,57,0
1,7,57,0
1,8,57,0
1,9,57,0
1,10,57,0
1,2,58,0
1,3,58,0
1,4,58,0
1,5,58,0
1,6,58,0
1,7,58,0
1,8,58,0
1,9,58,0
1,10,58,0
1,2,59,0
1,3,59,0
1,4,59,0
1,5,59,0
1,6,59,0
1,7,59,0
1,8,59,0
1,9,59,0
1,10,59,0
1,2,60,0
1,3,60,0
1,4,60,0
1,5,60,0
1,6,60,0
1,7,60,0
1,8,60,0
1,9,60,0
1,10,60,0
1,2,61,0
1,3,61,0
1,4,61,0
1,5,61,0
1,6,61,0
1,7,61,0
1,8,61,0
1,9,61,0
1,10,61,0
1,2,62,0
1,3,62,0
1,4,62,0
1,5,62,0
1,6,62,0
1,7,62,0
1,8,62,0
1,9,62,0
1,10,62,0
1,2,63,0
1,3,63,0
1,4,63,0
1,5,63,0
1,6,63,0
1,7,63,0
1,8,63,0
1,9,63,0
1,10,63,0
1,2,64,0
1,3,64,0
1,4,64,0
1,5,64,0
1,6,64,0
1,7,64,0
1,8,64,0
1,9,64,0
1,10,64,0
1,2,65,0
1,3,65,0
1,4,65,0
1,5,65,0
1,6,65,0
1,7,65,0
1,8,65,0
1,9,65,0
1,10,65,0
1,2,66,0
1,3,66,0
1,4,66,0
1,5,66,0
1,6,66,0
1,7,66,0
1,8,66,0
1,9,66,0
1,10,66,0
1,2,67,0
1,3,67,0
1,4,67,0
1,5,67,0
1,6,67,0
1,7,67,0
1,8,67,0
1,9,67,0
1,10,67,0
1,2,68,0
1,3,68,0
1,4,68,0
1,5,68,0
1,6,68,0
1,7,68,0
1,8,68,0
1,9,68,0
1,10,68,0
1,2,69,0
1,3,69,0
1,4,69,0
1,5,69,0
1,6,69,0
1,7,69,0
1,8,69,0
1,9,69,0
1,10,69,0
1,2,70,0
1,3,70,0
1,4,70,0
1,5,70,0
1,6,70,0
1,7,70,0
1,8,70,0
1,9,70,0
1,10,70,0
1,2,71,0
1,3,71,0
1,4,71,0
1,5,71,0
1,6,71,0
1,7,71,0
1,8,71,0
1,9,71,0
1,10,71,0
1,2,72,0
1,3,72,0
1,4,72,0
1,5,72,0
1,6,72,0
1,7,72,0
1,8,72,0
1,9,72,0
1,10,72,0
1,2,74,0
1,3,74,0
1,4,74,0
1,5,74,0
1,6,74,0
1,7,74,0
1,8,74,0
1,9,74,0
1,10,74,0
1,2,75,0
1,3,75,0
1,4,75,0
1,5,75,0
1,6,75,0
1,7,75,0
1,8,75,0
1,9,75,0
1,10,75,0
1,2,76,0
1,3,76,0
1,4,76,0
1,5,76,0
1,6,76,0
1,7,76,0
1,8,76,0
1,9,76,0
1,10,76,0
1,2,77,0
1,3,77,0
1,4,77,0
1,5,77,0
1,6,77,0
1,7,77,0
1,8,77,0
1,9,77,0
1,10,77,0
1,2,79,0
1,3,79,0
1,4,79,0
1,5,79,0
1,6,79,0
1,7,79,0
1,8,79,0
1,9,79,0
1,10,79,0
1,2,80,0
1,3,80,0
1,4,80,0
1,5,80,0
1,6,80,0
1,7,80,0
1,8,80,0
1,9,80,0
1,10,80,0
1,2,81,0
1,3,81,0
1,4,81,0
1,5,81,0
1,6,81,0
1,7,81,0
1,8,81,0
1,9,81,0
1,10,81,0
1,2,82,0
1,3,82,0
1,4,82,0
1,5,82,0
1,6,82,0
1,7,82,0
1,8,82,0
1,9,82,0
1,10,82,0
1,2,84,0
1,3,84,0
1,4,84,0
1,5,84,0
1,6,84,0
1,7,84,0
1,8,84,0
1,9,84,0
1,10,84,0
1,2,85,0
1,3,85,0
1,4,85,0
1,5,85,0
1,6,85,0
1,7,85,0
1,8,85,0
1,9,85,0
1,10,85,0
1,2,86,0
1,3,86,0
1,4,86,0
1,5,86,0
1,6,86,0
1,7,86,0
1,8,86,0
1,9,86,0
1,10,86,0
1,2,87,0
1,3,87,0
1,4,87,0
1,5,87,0
1,6,87,0
1,7,87,0
1,8,87,0
1,9,87,0
1,10,87,0
1,2,88,0
1,3,88,0
1,4,88,0
1,5,88,0
1,6,88,0
1,7,88,0
1,8,88,0
1,9,88,0
1,10,88,0
1,2,89,0
1,3,89,0
1,4,89,0
1,5,89,0
1,6,89,0
1,7,89,0
1,8,89,0
1,9,89,0
1,10,89,0
1,2,90,0
1,3,90,0
1,4,90,0
1,5,90,0
1,6,90,0
1,7,90,0
1,8,90,0
1,9,90,0
1,10,90,0
1,2,91,0
1,3,91,0
1,4,91,0
1,5,91,0
1,6,91,0
1,7,91,0
1,8,91,0
1,9,91,0
1,10,91,0
1,2,93,0
1,3,93,0
1,4,93,0
1,5,93,0
1,6,93,0
1,7,93,0
1,8,93,0
1,9,93,0
1,10,93,0
1,2,94,0
1,3,94,0
1,4,94,0
1,5,94,0
1,6,94,0
1,7,94,0
1,8,94,0
1,9,94,0
1,10,94,0
1,2,95,0
1,3,95,0
1,4,95,0
1,5,95,0
1,6,95,0
1,7,95,0
1,8,95,0
1,9,95,0
1,10,95,0
1,2,96,0
1,3,96,0
1,4,96,0
1,5,96,0
1,6,96,0
1,7,96,0
1,8,96,0
1,9,96,0
1,10,96,0
1,2,97,0
1,3,97,0
1,4,97,0
1,5,97,0
1,6,97,0
1,7,97,0
1,8,97,0
1,9,97,0
1,10,97,0
1,2,98,0
1,3,98,0
1,4,98,0
1,5,98,0
1,6,98,0
1,7,98,0
1,8,98,0
1,9,98,0
1,10,98,0
1,2,99,0
1,3,99,0
1,4,99,0
1,5,99,0
1,6,99,0
1,7,99,0
1,8,99,0
1,9,99,0
1,10,99,0
1,2,100,0
1,3,100,0
1,4,100,0
1,5,100,0
1,6,100,0
1,7,100,0
1,8,100,0
1,9,100,0
1,10,100,0
1,2,101,0
1,3,101,0
1,4,101,0
1,5,101,0
1,6,101,0
1,7,101,0
1,8,101,0
1,9,101,0
1,10,101,0
1,2,102,0
1,3,102,0
1,4,102,0
1,5,102,0
1,6,102,0
1,7,102,0
1,8,102,0
1,9,102,0
1,10,102,0
1,2,103,0
1,3,103,0
1,4,103,0
1,5,103,0
1,6,103,0
1,7,103,0
1,8,103,0
1,9,103,0
1,10,103,0
1,2,104,0
1,3,104,0
1,4,104,0
1,5,104,0
1,6,104,0
1,7,104,0
1,8,104,0
1,9,104,0
1,10,104,0
1,2,105,0
1,3,105,0
1,4,105,0
1,5,105,0
1,6,105,0
1,7,105,0
1,8,105,0
1,9,105,0
1,10,105,0
1,2,32,0
1,3,32,0
1,4,32,0
1,5,32,0
1,6,32,0
1,7,32,0
1,8,32,0
1,9,32,0
1,10,32,0
1,2,38,0
1,3,38,0
1,4,38,0
1,5,38,0
1,6,38,0
1,7,38,0
1,8,38,0
1,9,38,0
1,10,38,0
1,2,73,0
1,3,73,0
1,4,73,0
1,5,73,0
1,6,73,0
1,7,73,0
1,8,73,0
1,9,73,0
1,10,73,0
1,2,78,0
1,3,78,0
1,4,78,0
1,5,78,0
1,6,78,0
1,7,78,0
1,8,78,0
1,9,78,0
1,10,78,0
1,2,92,0
1,3,92,0
1,4,92,0
1,5,92,0
1,6,92,0
1,7,92,0
1,8,92,0
1,9,92,0
1,10,92,0
2,2,1,0
2,3,1,0
2,4,1,0
2,5,1,0
2,6,1,0
2,7,1,0
2,8,1,0
2,9,1,0
2,10,1,0
2,2,2,0
2,3,2,0
2,4,2,0
2,5,2,0
2,6,2,0
2,7,2,0
2,8,2,0
2,9,2,0
2,10,2,0
2,2,3,0
2,3,3,0
2,4,3,0
2,5,3,0
2,6,3,0
2,7,3,0
2,8,3,0
2,9,3,0
2,10,3,0
2,2,4,0
2,3,4,0
2,4,4,0
2,5,4,0
2,6,4,0
2,7,4,0
2,8,4,0
2,9,4,0
2,10,4,0
2,2,5,0
2,3,5,0
2,4,5,0
2,5,5,0
2,6,5,0
2,7,5,0
2,8,5,0
2,9,5,0
2,10,5,0
2,2,6,0
2,3,6,0
2,4,6,0
2,5,6,0
2,6,6,0
2,7,6,0
2,8,6,0
2,9,6,0
2,10,6,0
2,2,7,0
2,3,7,0
2,4,7,0
2,5,7,0
2,6,7,0
2,7,7,0
2,8,7,0
2,9,7,0
2,10,7,0
2,2,8,0
2,3,8,0
2,4,8,0
2,5,8,0
2,6,8,0
2,7,8,0
2,8,8,0
2,9,8,0
2,10,8,0
2,2,9,0
2,3,9,0
2,4,9,0
2,5,9,0
2,6,9,0
2,7,9,0
2,8,9,0
2,9,9,0
2,10,9,0
2,2,10,0
2,3,10,0
2,4,10,0
2,5,10,0
2,6,10,0
2,7,10,0
2,8,10,0
2,9,10,0
2,10,10,0
2,2,11,0
2,3,11,0
2,4,11,0
2,5,11,0
2,6,11,0
2,7,11,0
2,8,11,0
2,9,11,0
2,10,11,0
2,2,12,0
2,3,12,0
2,4,12,0
2,5,12,0
2,6,12,0
2,7,12,0
2,8,12,0
2,9,12,0
2,10,12,0
2,2,13,0
2,3,13,0
2,4,13,0
2,5,13,0
2,6,13,0
2,7,13,0
2,8,13,0
2,9,13,0
2,10,13,0
2,2,14,0
2,3,14,0
2,4,14,0
2,5,14,0
2,6,14,0
2,7,14,0
2,8,14,0
2,9,14,0
2,10,14,0
2,2,15,0
2,3,15,0
2,4,15,0
2,5,15,0
2,6,15,0
2,7,15,0
2,8,15,0
2,9,15,0
2,10,15,0
2,2,16,0
2,3,16,0
2,4,16,0
2,5,16,0
2,6,16,0
2,7,16,0
2,8,16,0
2,9,16,0
2,10,16,0
2,2,17,0
2,3,17,0
2,4,17,0
2,5,17,0
2,6,17,0
2,7,17,0
2,8,17,0
2,9,17,0
2,10,17,0
2,2,18,0
2,3,18,0
2,4,18,0
2,5,18,0
2,6,18,0
2,7,18,0
2,8,18,0
2,9,18,0
2,10,18,0
2,2,19,0
2,3,19,0
2,4,19,0
2,5,19,0
2,6,19,0
2,7,19,0
2,8,19,0
2,9,19,0
2,10,19,0
2,2,20,0
2,3,20,0
2,4,20,0
2,5,20,0
2,6,20,0
2,7,20,0
2,8,20,0
2,9,20,0
2,10,20,0
2,2,21,0
2,3,21,0
2,4,21,0
2,5,21,0
2,6,21,0
2,7,21,0
2,8,21,0
2,9,21,0
2,10,21,0
2,2,22,0
2,3,22,0
2,4,22,0
2,5,22,0
2,6,22,0
2,7,22,0
2,8,22,0
2,9,22,0
2,10,22,0
2,2,23,0
2,3,23,0
2,4,23,0
2,5,23,0
2,6,23,0
2,7,23,0
2,8,23,0
2,9,23,0
2,10,23,0
2,2,24,0
2,3,24,0
2,4,24,0
2,5,24,0
2,6,24,0
2,7,24,0
2,8,24,0
2,9,24,0
2,10,24,0
2,2,25,0
2,3,25,0
2,4,25,0
2,5,25,0
2,6,25,0
2,7,25,0
2,8,25,0
2,9,25,0
2,10,25,0
2,2,26,0
2,3,26,0
2,4,26,0
2,5,26,0
2,6,26,0
2,7,26,0
2,8,26,0
2,9,26,0
2,10,26,0
2,2,27,0
2,3,27,0
2,4,27,0
2,5,27,0
2,6,27,0
2,7,27,0
2,8,27,0
2,9,27,0
2,10,27,0
2,2,28,0
2,3,28,0
2,4,28,0
2,5,28,0
2,6,28,0
2,7,28,0
2,8,28,0
2,9,28,0
2,10,28,0
2,2,29,0
2,3,29,0
2,4,29,0
2,5,29,0
2,6,29,0
2,7,29,0
2,8,29,0
2,9,29,0
2,10,29,0
2,2,30,0
2,3,30,0
2,4,30,0
2,5,30,0
2,6,30,0
2,7,30,0
2,8,30,0
2,9,30,0
2,10,30,0
2,2,31,0
2,3,31,0
2,4,31,0
2,5,31,0
2,6,31,0
2,7,31,0
2,8,31,0
2,9,31,0
2,10,31,0
2,2,33,0
2,3,33,0
2,4,33,0
2,5,33,0
2,6,33,0
2,7,33,0
2,8,33,0
2,9,33,0
2,10,33,0
2,2,34,0
2,3,34,0
2,4,34,0
2,5,34,0
2,6,34,0
2,7,34,0
2,8,34,0
2,9,34,0
2,10,34,0
2,2,35,0
2,3,35,0
2,4,35,0
2,5,35,0
2,6,35,0
2,7,35,0
2,8,35,0
2,9,35,0
2,10,35,0
2,2,36,0
2,3,36,0
2,4,36,0
2,5,36,0
2,6,36,0
2,7,36,0
2,8,36,0
2,9,36,0
2,10,36,0
2,2,37,0
2,3,37,0
2,4,37,0
2,5,37,0
2,6,37,0
2,7,37,0
2,8,37,0
2,9,37,0
2,10,37,0
2,2,39,0
2,3,39,0
2,4,39,0
2,5,39,0
2,6,39,0
2,7,39,0
2,8,39,0
2,9,39,0
2,10,39,0
2,2,40,0
2,3,40,0
2,4,40,0
2,5,40,0
2,6,40,0
2,7,40,0
2,8,40,0
2,9,40,0
2,10,40,0
2,2,41,0
2,3,41,0
2,4,41,0
2,5,41,0
2,6,41,0
2,7,41,0
2,8,41,0
2,9,41,0
2,10,41,0
2,2,42,0
2,3,42,0
2,4,42,0
2,5,42,0
2,6,42,0
2,7,42,0
2,8,42,0
2,9,42,0
2,10,42,0
2,2,43,0
2,3,43,0
2,4,43,0
2,5,43,0
2,6,43,0
2,7,43,0
2,8,43,0
2,9,43,0
2,10,43,0
2,2,44,0
2,3,44,0
2,4,44,0
2,5,44,0
2,6,44,0
2,7,44,0
2,8,44,0
2,9,44,0
2,10,44,0
2,2,45,0
2,3,45,0
2,4,45,0
2,5,45,0
2,6,45,0
2,7,45,0
2,8,45,0
2,9,45,0
2,10,45,0
2,2,46,0
2,3,46,0
2,4,46,0
2,5,46,0
2,6,46,0
2,7,46,0
2,8,46,0
2,9,46,0
2,10,46,0
2,2,47,0
2,3,47,0
2,4,47,0
2,5,47,0
2,6,47,0
2,7,47,0
2,8,47,0
2,9,47,0
2,10,47,0
2,2,48,0
2,3,48,0
2,4,48,0
2,5,48,0
2,6,48,0
2,7,48,0
2,8,48,0
2,9,48,0
2,10,48,0
2,2,49,0
2,3,49,0
2,4,49,0
2,5,49,0
2,6,49,0
2,7,49,0
2,8,49,0
2,9,49,0
2,10,49,0
2,2,50,0
2,3,50,0
2,4,50,0
2,5,50,0
2,6,50,0
2,7,50,0
2,8,50,0
2,9,50,0
2,10,50,0
2,2,51,0
2,3,51,0
2,4,51,0
2,5,51,0
2,6,51,0
2,7,51,0
2,8,51,0
2,9,51,0
2,10,51,0
2,2,52,0
2,3,52,0
2,4,52,0
2,5,52,0
2,6,52,0
2,7,52,0
2,8,52,0
2,9,52,0
2,10,52,0
2,2,53,0
2,3,53,0
2,4,53,0
2,5,53,0
2,6,53,0
2,7,53,0
2,8,53,0
2,9,53,0
2,10,53,0
2,2,54,0
2,3,54,0
2,4,54,0
2,5,54,0
2,6,54,0
2,7,54,0
2,8,54,0
2,9,54,0
2,10,54,0
2,2,55,0
2,3,55,0
2,4,55,0
2,5,55,0
2,6,55,0
2,7,55,0
2,8,55,0
2,9,55,0
2,10,55,0
2,2,56,0
2,3,56,0
2,4,56,0
2,5,56,0
2,6,56,0
2,7,56,0
2,8,56,0
2,9,56,0
2,10,56,0
2,2,57,0
2,3,57,0
2,4,57,0
2,5,57,0
2,6,57,0
2,7,57,0
2,8,57,0
2,9,57,0
2,10,57,0
2,2,58,0
2,3,58,0
2,4,58,0
2,5,58,0
2,6,58,0
2,7,58,0
2,8,58,0
2,9,58,0
2,10,58,0
2,2,59,0
2,3,59,0
2,4,59,0
2,5,59,0
2,6,59,0
2,7,59,0
2,8,59,0
2,9,59,0
2,10,59,0
2,2,60,0
2,3,60,0
2,4,60,0
2,5,60,0
2,6,60,0
2,7,60,0
2,8,60,0
2,9,60,0
2,10,60,0
2,2,61,0
2,3,61,0
2,4,61,0
2,5,61,0
2,6,61,0
2,7,61,0
2,8,61,0
2,9,61,0
2,10,61,0
2,2,62,0
2,3,62,0
2,4,62,0
2,5,62,0
2,6,62,0
2,7,62,0
2,8,62,0
2,9,62,0
2,10,62,0
2,2,63,0
2,3,63,0
2,4,63,0
2,5,63,0
2,6,63,0
2,7,63,0
2,8,63,0
2,9,63,0
2,10,63,0
2,2,64,0
2,3,64,0
2,4,64,0
2,5,64,0
2,6,64,0
2,7,64,0
2,8,64,0
2,9,64,0
2,10,64,0
2,2,65,0
2,3,65,0
2,4,65,0
2,5,65,0
2,6,65,0
2,7,65,0
2,8,65,0
2,9,65,0
2,10,65,0
2,2,66,0
2,3,66,0
2,4,66,0
2,5,66,0
2,6,66,0
2,7,66,0
2,8,66,0
2,9,66,0
2,10,66,0
2,2,67,0
2,3,67,0
2,4,67,0
2,5,67,0
2,6,67,0
2,7,67,0
2,8,67,0
2,9,67,0
2,10,67,0
2,2,68,0
2,3,68,0
2,4,68,0
2,5,68,0
2,6,68,0
2,7,68,0
2,8,68,0
2,9,68,0
2,10,68,0
2,2,69,0
2,3,69,0
2,4,69,0
2,5,69,0
2,6,69,0
2,7,69,0
2,8,69,0
2,9,69,0
2,10,69,0
2,2,70,0
2,3,70,0
2,4,70,0
2,5,70,0
2,6,70,0
2,7,70,0
2,8,70,0
2,9,70,0
2,10,70,0
2,2,71,0
2,3,71,0
2,4,71,0
2,5,71,0
2,6,71,0
2,7,71,0
2,8,71,0
2,9,71,0
2,10,71,0
2,2,72,0
2,3,72,0
2,4,72,0
2,5,72,0
2,6,72,0
2,7,72,0
2,8,72,0
2,9,72,0
2,10,72,0
2,2,74,0
2,3,74,0
2,4,74,0
2,5,74,0
2,6,74,0
2,7,74,0
2,8,74,0
2,9,74,0
2,10,74,0
2,2,75,0
2,3,75,0
2,4,75,0
2,5,75,0
2,6,75,0
2,7,75,0
2,8,75,0
2,9,75,0
2,10,75,0
2,2,76,0
2,3,76,0
2,4,76,0
2,5,76,0
2,6,76,0
2,7,76,0
2,8,76,0
2,9,76,0
2,10,76,0
2,2,77,0
2,3,77,0
2,4,77,0
2,5,77,0
2,6,77,0
2,7,77,0
2,8,77,0
2,9,77,0
2,10,77,0
2,2,79,0
2,3,79,0
2,4,79,0
2,5,79,0
2,6,79,0
2,7,79,0
2,8,79,0
2,9,79,0
2,10,79,0
2,2,80,0
2,3,80,0
2,4,80,0
2,5,80,0
2,6,80,0
2,7,80,0
2,8,80,0
2,9,80,0
2,10,80,0
2,2,81,0
2,3,81,0
2,4,81,0
2,5,81,0
2,6,81,0
2,7,81,0
2,8,81,0
2,9,81,0
2,10,81,0
2,2,82,0
2,3,82,0
2,4,82,0
2,5,82,0
2,6,82,0
2,7,82,0
2,8,82,0
2,9,82,0
2,10,82,0
2,2,84,0
2,3,84,0
2,4,84,0
2,5,84,0
2,6,84,0
2,7,84,0
2,8,84,0
2,9,84,0
2,10,84,0
2,2,85,0
2,3,85,0
2,4,85,0
2,5,85,0
2,6,85,0
2,7,85,0
2,8,85,0
2,9,85,0
2,10,85,0
2,2,86,0
2,3,86,0
2,4,86,0
2,5,86,0
2,6,86,0
2,7,86,0
2,8,86,0
2,9,86,0
2,10,86,0
2,2,87,0
2,3,87,0
2,4,87,0
2,5,87,0
2,6,87,0
2,7,87,0
2,8,87,0
2,9,87,0
2,10,87,0
2,2,88,0
2,3,88,0
2,4,88,0
2,5,88,0
2,6,88,0
2,7,88,0
2,8,88,0
2,9,88,0
2,10,88,0
2,2,89,0
2,3,89,0
2,4,89,0
2,5,89,0
2,6,89,0
2,7,89,0
2,8,89,0
2,9,89,0
2,10,89,0
2,2,90,0
2,3,90,0
2,4,90,0
2,5,90,0
2,6,90,0
2,7,90,0
2,8,90,0
2,9,90,0
2,10,90,0
2,2,91,0
2,3,91,0
2,4,91,0
2,5,91,0
2,6,91,0
2,7,91,0
2,8,91,0
2,9,91,0
2,10,91,0
2,2,93,0
2,3,93,0
2,4,93,0
2,5,93,0
2,6,93,0
2,7,93,0
2,8,93,0
2,9,93,0
2,10,93,0
2,2,94,0
2,3,94,0
2,4,94,0
2,5,94,0
2,6,94,0
2,7,94,0
2,8,94,0
2,9,94,0
2,10,94,0
2,2,95,0
2,3,95,0
2,4,95,0
2,5,95,0
2,6,95,0
2,7,95,0
2,8,95,0
2,9,95,0
2,10,95,0
2,2,96,0
2,3,96,0
2,4,96,0
2,5,96,0
2,6,96,0
2,7,96,0
2,8,96,0
2,9,96,0
2,10,96,0
2,2,97,0
2,3,97,0
2,4,97,0
2,5,97,0
2,6,97,0
2,7,97,0
2,8,97,0
2,9,97,0
2,10,97,0
2,2,98,0
2,3,98,0
2,4,98,0
2,5,98,0
2,6,98,0
2,7,98,0
2,8,98,0
2,9,98,0
2,10,98,0
2,2,99,0
2,3,99,0
2,4,99,0
2,5,99,0
2,6,99,0
2,7,99,0
2,8,99,0
2,9,99,0
2,10,99,0
2,2,100,0
2,3,100,0
2,4,100,0
2,5,100,0
2,6,100,0
2,7,100,0
2,8,100,0
2,9,100,0
2,10,100,0
2,2,101,0
2,3,101,0
2,4,101,0
2,5,101,0
2,6,101,0
2,7,101,0
2,8,101,0
2,9,101,0
2,10,101,0
2,2,102,0
2,3,102,0
2,4,102,0
2,5,102,0
2,6,102,0
2,7,102,0
2,8,102,0
2,9,102,0
2,10,102,0
2,2,103,0
2,3,103,0
2,4,103,0
2,5,103,0
2,6,103,0
2,7,103,0
2,8,103,0
2,9,103,0
2,10,103,0
2,2,104,0
2,3,104,0
2,4,104,0
2,5,104,0
2,6,104,0
2,7,104,0
2,8,104,0
2,9,104,0
2,10,104,0
2,2,105,0
2,3,105,0
2,4,105,0
2,5,105,0
2,6,105,0
2,7,105,0
2,8,105,0
2,9,105,0
2,10,105,0
2,2,32,0
2,3,32,0
2,4,32,0
2,5,32,0
2,6,32,0
2,7,32,0
2,8,32,0
2,9,32,0
2,10,32,0
2,2,38,0
2,3,38,0
2,4,38,0
2,5,38,0
2,6,38,0
2,7,38,0
2,8,38,0
2,9,38,0
2,10,38,0
2,2,73,0
2,3,73,0
2,4,73,0
2,5,73,0
2,6,73,0
2,7,73,0
2,8,73,0
2,9,73,0
2,10,73,0
2,2,78,0
2,3,78,0
2,4,78,0
2,5,78,0
2,6,78,0
2,7,78,0
2,8,78,0
2,9,78,0
2,10,78,0
2,2,92,0
2,3,92,0
2,4,92,0
2,5,92,0
2,6,92,0
2,7,92,0
2,8,92,0
2,9,92,0
2,10,92,0
3,2,1,0
3,3,1,0
3,4,1,0
3,5,1,0
3,6,1,0
3,7,1,0
3,8,1,0
3,9,1,0
3,10,1,0
3,2,2,0
3,3,2,0
3,4,2,0
3,5,2,0
3,6,2,0
3,7,2,0
3,8,2,0
3,9,2,0
3,10,2,0
3,2,3,0
3,3,3,0
3,4,3,0
3,5,3,0
3,6,3,0
3,7,3,0
3,8,3,0
3,9,3,0
3,10,3,0
3,2,4,0
3,3,4,0
3,4,4,0
3,5,4,0
3,6,4,0
3,7,4,0
3,8,4,0
3,9,4,0
3,10,4,0
3,2,5,0
3,3,5,0
3,4,5,0
3,5,5,0
3,6,5,0
3,7,5,0
3,8,5,0
3,9,5,0
3,10,5,0
3,2,6,0
3,3,6,0
3,4,6,0
3,5,6,0
3,6,6,0
3,7,6,0
3,8,6,0
3,9,6,0
3,10,6,0
3,2,7,0
3,3,7,0
3,4,7,0
3,5,7,0
3,6,7,0
3,7,7,0
3,8,7,0
3,9,7,0
3,10,7,0
3,2,8,0
3,3,8,0
3,4,8,0
3,5,8,0
3,6,8,0
3,7,8,0
3,8,8,0
3,9,8,0
3,10,8,0
3,2,9,0
3,3,9,0
3,4,9,0
3,5,9,0
3,6,9,0
3,7,9,0
3,8,9,0
3,9,9,0
3,10,9,0
3,2,10,0
3,3,10,0
3,4,10,0
3,5,10,0
3,6,10,0
3,7,10,0
3,8,10,0
3,9,10,0
3,10,10,0
3,2,11,0
3,3,11,0
3,4,11,0
3,5,11,0
3,6,11,0
3,7,11,0
3,8,11,0
3,9,11,0
3,10,11,0
3,2,12,0
3,3,12,0
3,4,12,0
3,5,12,0
3,6,12,0
3,7,12,0
3,8,12,0
3,9,12,0
3,10,12,0
3,2,13,0
3,3,13,0
3,4,13,0
3,5,13,0
3,6,13,0
3,7,13,0
3,8,13,0
3,9,13,0
3,10,13,0
3,2,14,0
3,3,14,0
3,4,14,0
3,5,14,0
3,6,14,0
3,7,14,0
3,8,14,0
3,9,14,0
3,10,14,0
3,2,15,0
3,3,15,0
3,4,15,0
3,5,15,0
3,6,15,0
3,7,15,0
3,8,15,0
3,9,15,0
3,10,15,0
3,2,16,0
3,3,16,0
3,4,16,0
3,5,16,0
3,6,16,0
3,7,16,0
3,8,16,0
3,9,16,0
3,10,16,0
3,2,17,0
3,3,17,0
3,4,17,0
3,5,17,0
3,6,17,0
3,7,17,0
3,8,17,0
3,9,17,0
3,10,17,0
3,2,18,0
3,3,18,0
3,4,18,0
3,5,18,0
3,6,18,0
3,7,18,0
3,8,18,0
3,9,18,0
3,10,18,0
3,2,19,0
3,3,19,0
3,4,19,0
3,5,19,0
3,6,19,0
3,7,19,0
3,8,19,0
3,9,19,0
3,10,19,0
3,2,20,0
3,3,20,0
3,4,20,0
3,5,20,0
3,6,20,0
3,7,20,0
3,8,20,0
3,9,20,0
3,10,20,0
3,2,21,0
3,3,21,0
3,4,21,0
3,5,21,0
3,6,21,0
3,7,21,0
3,8,21,0
3,9,21,0
3,10,21,0
3,2,22,0
3,3,22,0
3,4,22,0
3,5,22,0
3,6,22,0
3,7,22,0
3,8,22,0
3,9,22,0
3,10,22,0
3,2,23,0
3,3,23,0
3,4,23,0
3,5,23,0
3,6,23,0
3,7,23,0
3,8,23,0
3,9,23,0
3,10,23,0
3,2,24,0
3,3,24,0
3,4,24,0
3,5,24,0
3,6,24,0
3,7,24,0
3,8,24,0
3,9,24,0
3,10,24,0
3,2,25,0
3,3,25,0
3,4,25,0
3,5,25,0
3,6,25,0
3,7,25,0
3,8,25,0
3,9,25,0
3,10,25,0
3,2,26,0
3,3,26,0
3,4,26,0
3,5,26,0
3,6,26,0
3,7,26,0
3,8,26,0
3,9,26,0
3,10,26,0
3,2,27,0
3,3,27,0
3,4,27,0
3,5,27,0
3,6,27,0
3,7,27,0
3,8,27,0
3,9,27,0
3,10,27,0
3,2,28,0
3,3,28,0
3,4,28,0
3,5,28,0
3,6,28,0
3,7,28,0
3,8,28,0
3,9,28,0
3,10,28,0
3,2,29,0
3,3,29,0
3,4,29,0
3,5,29,0
3,6,29,0
3,7,29,0
3,8,29,0
3,9,29,0
3,10,29,0
3,2,30,0
3,3,30,0
3,4,30,0
3,5,30,0
3,6,30,0
3,7,30,0
3,8,30,0
3,9,30,0
3,10,30,0
3,2,31,0
3,3,31,0
3,4,31,0
3,5,31,0
3,6,31,0
3,7,31,0
3,8,31,0
3,9,31,0
3,10,31,0
3,2,33,0
3,3,33,0
3,4,33,0
3,5,33,0
3,6,33,0
3,7,33,0
3,8,33,0
3,9,33,0
3,10,33,0
3,2,34,0
3,3,34,0
3,4,34,0
3,5,34,0
3,6,34,0
3,7,34,0
3,8,34,0
3,9,34,0
3,10,34,0
3,2,35,0
3,3,35,0
3,4,35,0
3,5,35,0
3,6,35,0
3,7,35,0
3,8,35,0
3,9,35,0
3,10,35,0
3,2,36,0
3,3,36,0
3,4,36,0
3,5,36,0
3,6,36,0
3,7,36,0
3,8,36,0
3,9,36,0
3,10,36,0
3,2,37,0
3,3,37,0
3,4,37,0
3,5,37,0
3,6,37,0
3,7,37,0
3,8,37,0
3,9,37,0
3,10,37,0
3,2,39,0
3,3,39,0
3,4,39,0
3,5,39,0
3,6,39,0
3,7,39,0
3,8,39,0
3,9,39,0
3,10,39,0
3,2,40,0
3,3,40,0
3,4,40,0
3,5,40,0
3,6,40,0
3,7,40,0
3,8,40,0
3,9,40,0
3,10,40,0
3,2,41,0
3,3,41,0
3,4,41,0
3,5,41,0
3,6,41,0
3,7,41,0
3,8,41,0
3,9,41,0
3,10,41,0
3,2,42,0
3,3,42,0
3,4,42,0
3,5,42,0
3,6,42,0
3,7,42,0
3,8,42,0
3,9,42,0
3,10,42,0
3,2,43,0
3,3,43,0
3,4,43,0
3,5,43,0
3,6,43,0
3,7,43,0
3,8,43,0
3,9,43,0
3,10,43,0
3,2,44,0
3,3,44,0
3,4,44,0
3,5,44,0
3,6,44,0
3,7,44,0
3,8,44,0
3,9,44,0
3,10,44,0
3,2,45,0
3,3,45,0
3,4,45,0
3,5,45,0
3,6,45,0
3,7,45,0
3,8,45,0
3,9,45,0
3,10,45,0
3,2,46,0
3,3,46,0
3,4,46,0
3,5,46,0
3,6,46,0
3,7,46,0
3,8,46,0
3,9,46,0
3,10,46,0
3,2,47,0
3,3,47,0
3,4,47,0
3,5,47,0
3,6,47,0
3,7,47,0
3,8,47,0
3,9,47,0
3,10,47,0
3,2,48,0
3,3,48,0
3,4,48,0
3,5,48,0
3,6,48,0
3,7,48,0
3,8,48,0
3,9,48,0
3,10,48,0
3,2,49,0
3,3,49,0
3,4,49,0
3,5,49,0
3,6,49,0
3,7,49,0
3,8,49,0
3,9,49,0
3,10,49,0
3,2,50,0
3,3,50,0
3,4,50,0
3,5,50,0
3,6,50,0
3,7,50,0
3,8,50,0
3,9,50,0
3,10,50,0
3,2,51,0
3,3,51,0
3,4,51,0
3,5,51,0
3,6,51,0
3,7,51,0
3,8,51,0
3,9,51,0
3,10,51,0
3,2,52,0
3,3,52,0
3,4,52,0
3,5,52,0
3,6,52,0
3,7,52,0
3,8,52,0
3,9,52,0
3,10,52,0
3,2,53,0
3,3,53,0
3,4,53,0
3,5,53,0
3,6,53,0
3,7,53,0
3,8,53,0
3,9,53,0
3,10,53,0
3,2,54,0
3,3,54,0
3,4,54,0
3,5,54,0
3,6,54,0
3,7,54,0
3,8,54,0
3,9,54,0
3,10,54,0
3,2,55,0
3,3,55,0
3,4,55,0
3,5,55,0
3,6,55,0
3,7,55,0
3,8,55,0
3,9,55,0
3,10,55,0
3,2,56,0
3,3,56,0
3,4,56,0
3,5,56,0
3,6,56,0
3,7,56,0
3,8,56,0
3,9,56,0
3,10,56,0
3,2,57,0
3,3,57,0
3,4,57,0
3,5,57,0
3,6,57,0
3,7,57,0
3,8,57,0
3,9,57,0
3,10,57,0
3,2,58,0
3,3,58,0
3,4,58,0
3,5,58,0
3,6,58,0
3,7,58,0
3,8,58,0
3,9,58,0
3,10,58,0
3,2,59,0
3,3,59,0
3,4,59,0
3,5,59,0
3,6,59,0
3,7,59,0
3,8,59,0
3,9,59,0
3,10,59,0
3,2,60,0
3,3,60,0
3,4,60,0
3,5,60,0
3,6,60,0
3,7,60,0
3,8,60,0
3,9,60,0
3,10,60,0
3,2,61,0
3,3,61,0
3,4,61,0
3,5,61,0
3,6,61,0
3,7,61,0
3,8,61,0
3,9,61,0
3,10,61,0
3,2,62,0
3,3,62,0
3,4,62,0
3,5,62,0
3,6,62,0
3,7,62,0
3,8,62,0
3,9,62,0
3,10,62,0
3,2,63,0
3,3,63,0
3,4,63,0
3,5,63,0
3,6,63,0
3,7,63,0
3,8,63,0
3,9,63,0
3,10,63,0
3,2,64,0
3,3,64,0
3,4,64,0
3,5,64,0
3,6,64,0
3,7,64,0
3,8,64,0
3,9,64,0
3,10,64,0
3,2,65,0
3,3,65,0
3,4,65,0
3,5,65,0
3,6,65,0
3,7,65,0
3,8,65,0
3,9,65,0
3,10,65,0
3,2,66,0
3,3,66,0
3,4,66,0
3,5,66,0
3,6,66,0
3,7,66,0
3,8,66,0
3,9,66,0
3,10,66,0
3,2,67,0
3,3,67,0
3,4,67,0
3,5,67,0
3,6,67,0
3,7,67,0
3,8,67,0
3,9,67,0
3,10,67,0
3,2,68,0
3,3,68,0
3,4,68,0
3,5,68,0
3,6,68,0
3,7,68,0
3,8,68,0
3,9,68,0
3,10,68,0
3,2,69,0
3,3,69,0
3,4,69,0
3,5,69,0
3,6,69,0
3,7,69,0
3,8,69,0
3,9,69,0
3,10,69,0
3,2,70,0
3,3,70,0
3,4,70,0
3,5,70,0
3,6,70,0
3,7,70,0
3,8,70,0
3,9,70,0
3,10,70,0
3,2,71,0
3,3,71,0
3,4,71,0
3,5,71,0
3,6,71,0
3,7,71,0
3,8,71,0
3,9,71,0
3,10,71,0
3,2,72,0
3,3,72,0
3,4,72,0
3,5,72,0
3,6,72,0
3,7,72,0
3,8,72,0
3,9,72,0
3,10,72,0
3,2,74,0
3,3,74,0
3,4,74,0
3,5,74,0
3,6,74,0
3,7,74,0
3,8,74,0
3,9,74,0
3,10,74,0
3,2,75,0
3,3,75,0
3,4,75,0
3,5,75,0
3,6,75,0
3,7,75,0
3,8,75,0
3,9,75,0
3,10,75,0
3,2,76,0
3,3,76,0
3,4,76,0
3,5,76,0
3,6,76,0
3,7,76,0
3,8,76,0
3,9,76,0
3,10,76,0
3,2,77,0
3,3,77,0
3,4,77,0
3,5,77,0
3,6,77,0
3,7,77,0
3,8,77,0
3,9,77,0
3,10,77,0
3,2,79,0
3,3,79,0
3,4,79,0
3,5,79,0
3,6,79,0
3,7,79,0
3,8,79,0
3,9,79,0
3,10,79,0
3,2,80,0
3,3,80,0
3,4,80,0
3,5,80,0
3,6,80,0
3,7,80,0
3,8,80,0
3,9,80,0
3,10,80,0
3,2,81,0
3,3,81,0
3,4,81,0
3,5,81,0
3,6,81,0
3,7,81,0
3,8,81,0
3,9,81,0
3,10,81,0
3,2,82,0
3,3,82,0
3,4,82,0
3,5,82,0
3,6,82,0
3,7,82,0
3,8,82,0
3,9,82,0
3,10,82,0
3,2,84,0
3,3,84,0
3,4,84,0
3,5,84,0
3,6,84,0
3,7,84,0
3,8,84,0
3,9,84,0
3,10,84,0
3,2,85,0
3,3,85,0
3,4,85,0
3,5,85,0
3,6,85,0
3,7,85,0
3,8,85,0
3,9,85,0
3,10,85,0
3,2,86,0
3,3,86,0
3,4,86,0
3,5,86,0
3,6,86,0
3,7,86,0
3,8,86,0
3,9,86,0
3,10,86,0
3,2,87,0
3,3,87,0
3,4,87,0
3,5,87,0
3,6,87,0
3,7,87,0
3,8,87,0
3,9,87,0
3,10,87,0
3,2,88,0
3,3,88,0
3,4,88,0
3,5,88,0
3,6,88,0
3,7,88,0
3,8,88,0
3,9,88,0
3,10,88,0
3,2,89,0
3,3,89,0
3,4,89,0
3,5,89,0
3,6,89,0
3,7,89,0
3,8,89,0
3,9,89,0
3,10,89,0
3,2,90,0
3,3,90,0
3,4,90,0
3,5,90,0
3,6,90,0
3,7,90,0
3,8,90,0
3,9,90,0
3,10,90,0
3,2,91,0
3,3,91,0
3,4,91,0
3,5,91,0
3,6,91,0
3,7,91,0
3,8,91,0
3,9,91,0
3,10,91,0
3,2,93,0
3,3,93,0
3,4,93,0
3,5,93,0
3,6,93,0
3,7,93,0
3,8,93,0
3,9,93,0
3,10,93,0
3,2,94,0
3,3,94,0
3,4,94,0
3,5,94,0
3,6,94,0
3,7,94,0
3,8,94,0
3,9,94,0
3,10,94,0
3,2,95,0
3,3,95,0
3,4,95,0
3,5,95,0
3,6,95,0
3,7,95,0
3,8,95,0
3,9,95,0
3,10,95,0
3,2,96,0
3,3,96,0
3,4,96,0
3,5,96,0
3,6,96,0
3,7,96,0
3,8,96,0
3,9,96,0
3,10,96,0
3,2,97,0
3,3,97,0
3,4,97,0
3,5,97,0
3,6,97,0
3,7,97,0
3,8,97,0
3,9,97,0
3,10,97,0
3,2,98,0
3,3,98,0
3,4,98,0
3,5,98,0
3,6,98,0
3,7,98,0
3,8,98,0
3,9,98,0
3,10,98,0
3,2,99,0
3,3,99,0
3,4,99,0
3,5,99,0
3,6,99,0
3,7,99,0
3,8,99,0
3,9,99,0
3,10,99,0
3,2,100,0
3,3,100,0
3,4,100,0
3,5,100,0
3,6,100,0
3,7,100,0
3,8,100,0
3,9,100,0
3,10,100,0
3,2,101,0
3,3,101,0
3,4,101,0
3,5,101,0
3,6,101,0
3,7,101,0
3,8,101,0
3,9,101,0
3,10,101,0
3,2,102,0
3,3,102,0
3,4,102,0
3,5,102,0
3,6,102,0
3,7,102,0
3,8,102,0
3,9,102,0
3,10,102,0
3,2,103,0
3,3,103,0
3,4,103,0
3,5,103,0
3,6,103,0
3,7,103,0
3,8,103,0
3,9,103,0
3,10,103,0
3,2,104,0
3,3,104,0
3,4,104,0
3,5,104,0
3,6,104,0
3,7,104,0
3,8,104,0
3,9,104,0
3,10,104,0
3,2,105,0
3,3,105,0
3,4,105,0
3,5,105,0
3,6,105,0
3,7,105,0
3,8,105,0
3,9,105,0
3,10,105,0
3,2,32,0
3,3,32,0
3,4,32,0
3,5,32,0
3,6,32,0
3,7,32,0
3,8,32,0
3,9,32,0
3,10,32,0
3,2,38,0
3,3,38,0
3,4,38,0
3,5,38,0
3,6,38,0
3,7,38,0
3,8,38,0
3,9,38,0
3,10,38,0
3,2,73,0
3,3,73,0
3,4,73,0
3,5,73,0
3,6,73,0
3,7,73,0
3,8,73,0
3,9,73,0
3,10,73,0
3,2,78,0
3,3,78,0
3,4,78,0
3,5,78,0
3,6,78,0
3,7,78,0
3,8,78,0
3,9,78,0
3,10,78,0
3,2,92,0
3,3,92,0
3,4,92,0
3,5,92,0
3,6,92,0
3,7,92,0
3,8,92,0
3,9,92,0
3,10,92,0